owner,character,realm,character_realm,avg_ilvl
Rad,Radel,Icecrown,Radel-Icecrown,332.44
Rad,Radpal,icecrown,Radpal-icecrown,325.31
Rad,Radmonk,Icecrown,Radmonk-Icecrown,325.13
Rad,Raddru,Icecrown,Raddru-Icecrown,329.19
Rad,Radwar,Icecrown,Radwar-Icecrown,327.13
Finest,Finesthour,Icecrown,Finesthour-Icecrown,333.5
Horchata,Horcchata,Tichondrius,Horcchata-Tichondrius,325.13
Jordan,Jordh,Bleeding Hollow,Jordh-Bleeding Hollow,334.13
Chicken,Chickenism,Icecrown,Chickenism-Icecrown,334.31
Chicken,Vokerism,Icecrown,Vokerism-Icecrown,291.88
Chicken,Priestism,icecrown,Priestism-icecrown,320.81
Feen,Greenashen,Stormrage,Greenashen-Stormrage,333.31
Feen,glaeder,tichondrius,glaeder-tichondrius,316.31
Feen,mfeen,Stormrage,mfeen-Stormrage,292.44
Kovu,Kovuker,Ragnaros,Kovuker-Ragnaros,331.81
Kovu,Kovu,Ragnaros,Kovu-Ragnaros,319.25
Kovu,Kovupally,Ragnaros,Kovupally-Ragnaros,298.44
Xaidra,Xaidra,Icecrown,Xaidra-Icecrown,333.5
Xaidra,Xaida,Onyxia,Xaida-Onyxia,305.63
Pike,Hotdogman,Lothar,Hotdogman-Lothar,328.94
Pike,Gampshwago,Icecrown,Gampshwago-Icecrown,323.69
Pike,Namswoam,Icecrown,Namswoam-Icecrown,323.44
Pike,Miamiganster,Icecrown,Miamiganster-Icecrown,331.63
Evac,Evach,Icecrown,Evach-Icecrown,327.94
Evac,Evacdh,Hyjal,Evacdh-Hyjal,288.69
Garro,Garronan,Icecrown,Garronan-Icecrown,333.5
Zalea,Zalea,Icecrown,Zalea-Icecrown,334.5
Prof,Omegadnc,Area 52,Omegadnc-Area 52,325.5
Prof,Haireater,Area 52,Haireater-Area 52,326.13
Rice,Bestricer,Frostmane,Bestricer-Frostmane,335.75
Rice,Ricemachnedk,Lothar,Ricemachnedk-Lothar,309.94
Rice,Bestricer,Lothar,Bestricer-Lothar,304.38
Rice,Ricemachinex,Lothar,Ricemachinex-Lothar,321.25
Mochi,Mochikat,Icecrown,Mochikat-Icecrown,330
Bus,Bus,onyxia,Bus-onyxia,331
Bus,Bus,arygos,Bus-arygos,327.13
Bus,Bus,bladefist,Bus-bladefist,328.75
Bus,Bus,Anetheron,Bus-Anetheron,327.75
Bus,Bus,garona,Bus-garona,326.31
Bus,Bus,icecrown,Bus-icecrown,332.06
Clandon,Clandon,Icecrown,Clandon-Icecrown,333.69
Rye,Ryeshot,Icecrown,Ryeshot-Icecrown,333.25
KE,Mutilatee,Icecrown,Mutilatee-Icecrown,332.25
KE,Deevinestorm,Illidan,Deevinestorm-Illidan,279.63
KE,whirlwindd,Illidan,whirlwindd-Illidan,328.56
KE,offmeta,Illidan,offmeta-Illidan,284.69
KE,Doomwinds,Icecrown,Doomwinds-Icecrown,290.13
KE,Facemesh,Illidan,Facemesh-Illidan,287.81
Ghost,Ghostsham,Lothar,Ghostsham-Lothar,329.56
Ghost,Ghðst,Lothar,Ghðst-Lothar,
Ghost,Istariel,Lothar,Istariel-Lothar,309.31
Hubbles,Hubbles,Icecrown,Hubbles-Icecrown,331.88
Hubbles,Hububbles,Icecrown,Hububbles-Icecrown,319.81
Gachi,Gachiwl,Icecrown,Gachiwl-Icecrown,332.25
Oregano,Oreganow,Icecrown,Oreganow-Icecrown,334.13
Oregano,Oreganosh,Icecrown,Oreganosh-Icecrown,308.44
Oregano,Oreganodk,Icecrown,Oreganodk-Icecrown,291.06
Oregano,Oreganomk,Icecrown,Oreganomk-Icecrown,293
Oregano,Oreganor,Icecrown,Oreganor-Icecrown,291.94
Oregano,Oreganom,Icecrown,Oreganom-Icecrown,326.75
Phungus,Phungerclap,Icecrown,Phungerclap-Icecrown,327.75
Phungus,Phungus,Tichondrius,Phungus-Tichondrius,334.75
Phungus,Phungores,Illidan,Phungores-Illidan,292.19
Phungus,Phungku,Area 52,Phungku-Area 52,293
Keatz,Keattz,Lothar,Keattz-Lothar,331.81
Keatz,Keatzz,Lothar,Keatzz-Lothar,293.19
Keatz,Keattzxd,Lothar,Keattzxd-Lothar,324.69
